bearing,bearing_risk(HH),bearing_risk(30),bearing_risk(45),bearing_risk(60)
0,0,0,0,0
0.1,0.554254156,0,0,0
0.2,0.554254156,0,0,0
0.3,0.561657471,0,0,0
0.4,0.572486201,0,0,0
0.5,0.58375692,0,0,0
0.6,0.600442003,0,0,0
0.7,0.624640897,0,0,0
0.8,0.631602224,0,0,0
0.9,0.679889518,0,0,0
1,0.702209961,0,0,0
1.1,0.742430956,0,0,0
1.2,0.787292836,0,0,0
1.3,0.813038691,0,0,0
1.4,0.895138139,0,0,0
1.5,0.979337036,0,0,0
1.6,1.084419908,0,0,0
1.7,1.249723779,0,0,0
1.8,1.263535933,0,0,0
1.9,1.269944771,0,0,0
2,1.289834274,0,0,0
2.1,1.317679578,0,0,0
2.2,1.308508308,0,0,0
2.3,1.317016597,0,0,0
2.4,1.364640907,0,0,0
2.5,1.365193394,0,0,0
2.6,1.397679581,0,0,0
2.7,1.418232067,0,0,0
2.8,1.465635383,0,0,0
2.9,1.528839801,0,0,0
3,1.55093925,0,0,0
3.1,1.618011075,0,0,0
3.2,1.701767983,0,0,0
3.3,1.768066326,0,0,0
3.4,1.88198898,0,0,0
3.5,1.910939258,0,0,0
3.6,1.956795611,0,0,0
3.7,2.002541467,0,0,0
3.8,2.040884009,0,0,0
3.9,2.10950279,0,0,0
4,2.171712735,0,0,0
4.1,2.277679584,0,0,0
4.2,2.338563561,0,0,0
4.3,2.368066323,0,0,0
4.4,2.443314939,0,0,0
4.5,2.487513835,0,0,0
4.6,2.567955826,0,0,0
4.7,2.626850853,0,0,0
4.8,2.71756908,0,0,0
4.9,2.815138143,0,0,0
5,2.91082875,0,0,0
5.1,2.900221016,0,0,0
5.2,3.015027647,0,0,0
5.3,3.069834275,0,0,0
5.4,3.085524882,0,0,0
5.5,3.168176815,0,0,0
5.6,3.252375708,0,0,0
5.7,3.304309408,0,0,0
5.8,3.35082874,0,0,0
5.9,3.420662991,0,0,0
6,3.474475141,0,0,0
6.1,3.545745856,0,0,0
6.2,3.604419885,0,0,0
6.3,3.672707173,0,0,0
6.4,3.754033136,0,0,0
6.5,3.834033129,0,0,0
6.6,3.920220971,0,0,0
6.7,3.974917103,0,0,0
6.8,4.060220979,0,0,0
6.9,4.111491694,0,0,0
7,4.180883958,0,0,0
7.1,4.288950256,0,0,0
7.2,4.298342525,0,0,0
7.3,4.400441971,0,0,0
7.4,4.436795563,0,0,0
7.5,4.504751365,0,0,0
7.6,4.552375674,0,0,0
7.7,4.62872927,0,0,0
7.8,4.684751366,0,0,0
7.9,4.757237556,0,0,0
8,4.787845291,0,0,0
8.1,4.932486176,0,0,0
8.2,4.963535901,0,0,0
8.3,5.096906064,0,0,0
8.4,5.13513811,0,0,0
8.5,5.185745845,0,0,0
8.6,5.292928169,0,0,0
8.7,5.382983419,0,0,0
8.8,5.379558004,0,0,0
8.9,5.46209944,0,0,0
9,5.489613255,0,0,0
9.1,5.595580107,0,0,0
9.2,5.611712703,0,0,0
9.3,5.715027619,0,0,0
9.4,5.784861874,0,0,0
9.5,5.835911597,0,0,0
9.6,5.924309387,0,0,0
9.7,6.018011045,0,0,0
9.8,6.120331487,0,0,0
9.9,6.214254138,0,0,0
10,6.320662978,0,0,0
10.1,6.043314905,0,0,0
10.2,6.203867402,0,0,0
10.3,6.292596683,0,0,0
10.4,6.28707182,0,0,0
10.5,6.357900554,0,0,0
10.6,6.415911603,0,0,0
10.7,6.517237571,0,0,0
10.8,6.57657459,0,0,0
10.9,6.651491712,0,0,0
11,6.724972378,0,0,0
11.1,6.757790059,0,0,0
11.2,6.870276247,0,0,0
11.3,6.907955808,0,0,0
11.4,6.994364644,0,0,0
11.5,7.103425419,0,0,0
11.6,7.113922658,0,0,0
11.7,7.20220995,0,0,0
11.8,7.357900556,0,0,0
11.9,7.355469617,0,0,0
12,7.598232048,0,0,0
12.1,7.626850835,0,0,0
12.2,7.572596692,0,0,0
12.3,7.835248624,0,0,0
12.4,7.838232049,0,0,0
12.5,7.92872929,0,0,0
12.6,8.009060783,0,0,0
12.7,8.188397799,0,0,0
12.8,8.157900564,0,0,0
12.9,8.278011056,0,0,0
13,8.420883984,0,0,0
13.1,8.466408851,0,0,0
13.2,8.548618795,0,0,0
13.3,8.555580119,0,0,0
13.4,8.686850837,0,0,0
13.5,8.634254153,0,0,0
13.6,8.827734819,0,0,0
13.7,8.860442001,0,0,0
13.8,8.985193383,0,0,0
13.9,9.027182335,0,0,0
14,9.134254157,0,0,0
14.1,9.224640896,0,0,0
14.2,9.352044212,0,0,0
14.3,9.401215477,0,0,0
14.4,9.511491725,0,0,0
14.5,9.585745867,0,0,0
14.6,9.685082881,0,0,0
14.7,9.74000001,0,0,0
14.8,9.876132605,0,0,0
14.9,9.890276249,0,0,0
15,9.94596686,0,0,0
15.1,9.761436473,0,0,0
15.2,10.00950277,0,0,0
15.3,9.944861886,0,0,0
15.4,10.12530388,0,0,0
15.5,10.17049725,0,0,0
15.6,10.2485083,0,0,0
15.7,10.3564641,0,0,0
15.8,10.44232045,0,0,0
15.9,10.56729283,0,0,0
16,10.60176796,0,0,0
16.1,10.75348067,0,0,0
16.2,10.84331493,0,0,0
16.3,10.89458564,0,0,0
16.4,10.95348067,0,0,0
16.5,11.04585636,0,0,0
16.6,11.07767956,0,0,0
16.7,11.22198896,0,0,0
16.8,11.27182321,0,0,0
16.9,11.38353591,0,0,0
17,11.42872928,0,0,0
17.1,11.52696132,0,0,0
17.2,11.67348065,0,0,0
17.3,11.71259668,0,0,0
17.4,11.82784529,0,0,0
17.5,11.90331491,0,0,0
17.6,12.0237569,0,0,0
17.7,12.08143646,0,0,0
17.8,12.10464088,0,0,0
17.9,12.31966851,0,0,0
18,12.35867403,0,0,0
18.1,12.41502763,0,0,0
18.2,12.53513813,0,0,0
18.3,12.63790056,0,0,0
18.4,12.71425414,0,0,0
18.5,12.80817679,0,0,0
18.6,12.90950276,0,0,0
18.7,12.99016575,0,0,0
18.8,13.08519337,0,0,0
18.9,13.20276244,0,0,0
19,13.37337017,0,0,0
19.1,13.33558012,0,0,0
19.2,13.51348067,0,0,0
19.3,13.65149172,0,0,0
19.4,13.70486188,0,0,0
19.5,13.75834255,0,0,0
19.6,13.9239779,0,0,0
19.7,13.97856354,0,0,0
19.8,14.11502763,0,0,0
19.9,14.17281768,0,0,0
20,14.27160221,0,0,0
20.1,14.29734807,0,0,0
20.2,14.41292818,0,0,0
20.3,14.52850829,0,0,0
20.4,14.7280663,0,0,0
20.5,14.73281768,0,0,0
20.6,14.89027625,0,0,0
20.7,14.9883978,0,0,0
20.8,15.09502763,0,0,0
20.9,15.16574586,0,0,0
21,15.2560221,0,0,0
21.1,15.45292818,0,0,0
21.2,15.52497238,0,0,0
21.3,15.64187845,0,0,0
21.4,15.76265193,0,0,0
21.5,15.81381216,0,0,0
21.6,15.96906077,0,0,0
21.7,16.05447514,0,0,0
21.8,16.15127072,0,0,0
21.9,16.23524862,0,0,0
22,16.35657458,0,0,0
22.1,16.37922652,0,0,0
22.2,16.59558011,0,0,0
22.3,16.66773481,0,0,0
22.4,16.80187845,0,0,0
22.5,16.92574586,0,0,0
22.6,17.03823205,0,0,0
22.7,17.15392265,0,0,0
22.8,17.18828729,0,0,0
22.9,17.43889503,0,0,0
23,17.49060773,0,0,0
23.1,17.55303868,0,0,0
23.2,17.79535912,0,0,0
23.3,17.89723757,0,0,0
23.4,18.05502763,0,0,0
23.5,18.19502763,0,0,0
23.6,18.21392266,0,0,0
23.7,18.420221,0,0,0
23.8,18.54861879,0,0,0
23.9,18.69591161,0,0,0
24,18.73436465,0,0,0
24.1,18.8683978,0,0,0
24.2,19.06320443,0,0,0
24.3,19.21480664,0,0,0
24.4,19.28375692,0,0,0
24.5,19.46176796,0,0,0
24.6,19.56552487,0,0,0
24.7,19.6761326,0,0,0
24.8,19.79370167,0,0,0
24.9,20.02099448,0,0,0
25,20.08265194,0,0,0
25.1,20.14574586,0,0,0
25.2,20.35569061,0,0,0
25.3,20.65447514,0,0,0
25.4,20.62906078,0,0,0
25.5,20.72552487,0,0,0
25.6,20.95635359,0,0,0
25.7,21.06530387,0,0,0
25.8,21.1560221,0,0,0
25.9,21.3643094,0,0,0
26,21.55403315,0,0,0
26.1,21.70574586,0,0,0
26.2,21.83856354,0,0,0
26.3,22.02850829,0,0,0
26.4,22.07060773,0,0,0
26.5,22.30994475,0,0,0
26.6,22.49701658,0,0,0
26.7,22.61127073,0,0,0
26.8,22.71955802,0,0,0
26.9,23.00265194,0,0,0
27,23.10961327,0,0,0
27.1,23.29569061,0,0,0
27.2,23.38055249,0,0,0
27.3,23.51403315,0,0,0
27.4,23.88707182,0,0,0
27.5,24.00629834,0,0,0
27.6,24.20972376,0,0,0
27.7,24.32243094,0,0,0
27.8,24.4880663,0,0,0
27.9,24.80077348,0,0,0
28,24.84740331,0,0,0
28.1,25.13657458,0,0,0
28.2,25.20331491,0,0,0
28.3,25.45911602,0,0,0
28.4,25.53756906,0,0,0
28.5,25.80331491,0,0,0
28.6,25.85237569,0,0,0
28.7,26.16950276,0,0,0
28.8,26.48917127,0,0,0
28.9,26.6839779,0,0,0
29,26.82917128,0,0,0
29.1,26.96972376,0,0,0
29.2,27.31392265,0,0,0
29.3,27.36729282,0,0,0
29.4,27.67812155,0,0,0
29.5,27.74917128,0,0,0
29.6,28.09591161,0,0,0
29.7,28.43138122,0,0,0
29.8,28.5081768,0,0,0
29.9,28.78674033,0,0,0
30,29.0598895,0,0,0
30.1,29.12839778,14.68707183,0,0
30.2,29.49491712,14.30519337,0,0
30.3,29.71988951,14.85447515,0,0
30.4,29.93944751,15.33624311,0,0
30.5,30.08607735,15.47701659,0,0
30.6,30.50132597,15.85712708,0,0
30.7,30.77801104,16.4646409,0,0
30.8,30.899558,16.46232045,0,0
30.9,31.16088397,16.75447515,0,0
31,31.46541436,17.04872929,0,0
31.1,31.6160221,17.15491715,0,0
31.2,31.92486188,17.24209947,0,0
31.3,32.23933701,17.67701659,0,0
31.4,32.4279558,17.87447514,0,0
31.5,32.70994475,17.96917128,0,0
31.6,33.18198895,18.25337017,0,0
31.7,33.55657459,18.64552488,0,0
31.8,33.67779007,18.9327072,0,0
31.9,33.98883979,19.15955802,0,0
32,34.18419891,19.20110498,0,0
32.1,34.57425416,19.44342542,0,0
32.2,34.85856355,19.6287293,0,0
32.3,35.12486189,19.99447516,0,0
32.4,35.56674034,19.99337017,0,0
32.5,35.82165747,20.44110498,0,0
32.6,36.13403316,20.62022101,0,0
32.7,36.50696133,20.82165747,0,0
32.8,36.69756907,21.01480665,0,0
32.9,37.06154697,21.14132598,0,0
33,37.38983427,21.70729282,0,0
33.1,37.6522652,21.8161326,0,0
33.2,38.04209946,21.94607736,0,0
33.3,38.35834255,22.3444199,0,0
33.4,38.76475139,22.700663,0,0
33.5,39.17535913,22.72298343,0,0
33.6,39.5522652,22.97558013,0,0
33.7,39.86718233,23.42254144,0,0
33.8,40.00651935,23.50176797,0,0
33.9,40.27149172,23.68099449,0,0
34,40.70066298,24.18022101,0,0
34.1,41.24994476,24.52983427,0,0
34.2,41.61502763,24.75049725,0,0
34.3,42.25756906,24.97889504,0,0
34.4,42.56243094,25.37060774,0,0
34.5,42.96883979,25.43027625,0,0
34.6,43.40154698,25.73911603,0,0
34.7,43.61845306,26.2282873,0,0
34.8,44.02187847,26.29679559,0,0
34.9,44.5325967,26.66165746,0,0
35,44.9922652,27.01524862,0,0
35.1,44.91259669,27.31867403,0,0
35.2,45.44154697,27.70696132,0,0
35.3,45.96254145,28.12176796,0,0
35.4,46.39038675,28.64872929,0,0
35.5,47.03270718,28.5317127,0,0
35.6,47.3362431,29.17027625,0,0
35.7,47.67701659,29.23359116,0,0
35.8,48.05049725,29.36662984,0,0
35.9,48.580663,29.93038675,0,0
36,49.00519339,30.12994476,0,0
36.1,49.7087293,30.75911602,0,0
36.2,50.28629835,31.38618785,0,0
36.3,50.74386741,31.54585636,0,0
36.4,51.23966852,31.72640885,0,0
36.5,51.77580111,32.13093925,0,0
36.6,52.24563537,32.78165747,0,0
36.7,52.76353592,33.20906079,0,0
36.8,53.19900554,33.78220996,0,0
36.9,53.7405525,34.05359115,0,0
37,54.23889504,34.48232045,0,0
37.1,54.86707184,35.16176797,0,0
37.2,55.49171273,35.50077349,0,0
37.3,56.10143647,35.79591161,0,0
37.4,56.69370167,35.93259669,0,0
37.5,57.05756907,36.82121547,0,0
37.6,57.24563537,36.80132598,0,0
37.7,57.77093924,37.60552487,0,0
37.8,58.26353592,38.00640886,0,0
37.9,58.76453039,38.57005526,0,0
38,59.51370167,39.13038674,0,0
38.1,60.28928178,39.66508288,0,0
38.2,60.80795582,40.70232045,0,0
38.3,61.61071824,40.54508288,0,0
38.4,61.43955803,41.04596687,0,0
38.5,61.74176797,41.56906079,0,0
38.6,61.86497239,42.23812155,0,0
38.7,62.20386741,43.25469615,0,0
38.8,62.71160222,43.5003315,0,0
38.9,62.66132598,44.84265193,0,0
39,62.62386742,45.08773481,0,0
39.1,62.63314918,46.01193371,0,0
39.2,62.66022101,46.60872929,0,0
39.3,62.56541437,46.43867405,0,0
39.4,61.6962431,46.91447515,0,0
39.5,61.19193371,47.30298344,0,0
39.6,61.00872929,48.39801107,0,0
39.7,60.80375691,48.91524861,0,0
39.8,60.75878454,49.30320443,0,0
39.9,60.62685085,50.13138122,0,0
40,60.6286188,50.28121547,0,0
40.1,60.46243096,51.30375692,0,0
40.2,60.35701659,51.4046409,0,0
40.3,60.4286188,51.04762432,0,0
40.4,59.95414366,51.15878453,0,0
40.5,59.18519338,51.39138123,0,0
40.6,58.7449724,51.56541437,0,0
40.7,58.580663,51.45303868,0,0
40.8,58.46939228,51.67756907,0,0
40.9,58.13215471,51.53624312,0,0
41,58.26099449,52.13425416,0,0
41.1,58.07370167,51.88176796,0,0
41.2,58.04055251,50.78950277,0,0
41.3,58.01314918,49.96674036,0,0
41.4,57.17314918,50.13867403,0,0
41.5,56.52232045,50.14674036,0,0
41.6,56.25745859,49.73060775,0,0
41.7,56.14044201,50.52983426,0,0
41.8,55.90408842,50.01878455,0,0
41.9,55.77834255,50.17845307,0,0
42,55.64364642,50.14033152,0,0
42.1,55.57569061,50.54209946,0,0
42.2,55.48950277,49.67469615,0,0
42.3,55.51922653,49.12121548,0,0
42.4,54.54121548,48.88740333,0,0
42.5,53.96475139,49.09149172,0,0
42.6,53.64939227,49.22585638,0,0
42.7,53.45635359,48.44441991,0,0
42.8,53.24541437,48.98861881,0,0
42.9,53.0843094,49.20861879,0,0
43,52.91922654,49.26364642,0,0
43.1,52.83823206,49.40707185,0,0
43.2,52.78674035,48.09867406,0,0
43.3,52.63248621,47.73624312,0,0
43.4,51.74983428,47.6087293,0,0
43.5,51.28707186,47.29911605,0,0
43.6,51.05966854,47.30453041,0,0
43.7,50.51889505,47.26022102,0,0
43.8,50.3772376,47.19337018,0,0
43.9,50.19370168,47.74707184,0,0
44,50.14662985,47.30541438,0,0
44.1,49.92773483,47.08430941,0,0
44.2,49.90232046,46.4612155,0,0
44.3,49.46640886,45.79127073,0,0
44.4,48.67314919,45.85513814,0,0
44.5,48.51480664,45.59469615,0,0
44.6,48.12718233,45.53955802,0,0
44.7,47.70232045,44.4566851,0,0
44.8,47.36618786,43.92055248,0,0
44.9,46.48917128,43.32419891,0,0
45,45.97325968,42.55834256,0,0
45.1,46.58950276,41.61182322,11.37790055,0
45.2,46.14928177,41.08000001,12.53966851,0
45.3,45.59944753,39.59756907,12.74176796,0
45.4,45.00828732,38.64187848,13.59447514,0
45.5,44.53889505,37.44265194,14.99933703,0
45.6,44.19635361,36.32574585,15.95779008,0
45.7,43.42762433,35.73613261,17.37845304,0
45.8,42.67392267,35.84629835,18.1078453,0
45.9,42.000663,36.32022099,19.36895028,0
46,41.40320443,36.39027625,20.22464089,0
46.1,41.13281769,36.44375691,19.65580111,0
46.2,41.16132599,36.4001105,19.58320442,0
46.3,41.18961327,36.19171272,19.19171271,0
46.4,41.21944752,36.15060774,18.91535911,0
46.5,41.24220996,36.12729283,18.04917127,0
46.6,40.71149172,36.1681768,18.33325967,0
46.7,40.14187846,36.58066298,18.05679559,0
46.8,39.97966853,36.79381216,17.62895028,0
46.9,39.81767956,36.99834256,17.83790055,0
47,39.89281771,36.72983426,17.599779,0
47.1,39.86298344,36.87624311,17.4682873,0
47.2,39.79458566,36.51856356,17.49911603,0
47.3,39.79955803,35.74298345,17.47922654,0
47.4,39.75348069,35.68309393,17.30364642,0
47.5,39.49469615,35.49348067,17.53082873,0
47.6,39.39104974,35.37303868,17.04,0
47.7,39.05812157,35.29359117,17.37591161,0
47.8,38.77392267,35.33944754,17.51624309,0
47.9,38.38353593,35.48563537,18.07127073,0
48,38.17314919,35.40961328,17.93381215,0
48.1,38.29469615,35.39436466,18.09823204,0
48.2,38.23734809,35.02309395,18.82055249,0
48.3,38.08066301,34.11281768,18.77823205,0
48.4,38.06629836,33.8444199,19.64287293,0
48.5,37.94651935,33.54906079,19.45734807,0
48.6,37.55104974,33.86154699,19.67668509,0
48.7,37.11403317,33.76696134,20.47093924,0
48.8,36.91502764,33.69988951,20.52939227,0
48.9,36.77734808,33.7691713,20.94618786,0
49,36.76287294,33.88309394,21.12618785,0
49.1,36.48895029,34.05303869,22.06331492,0
49.2,36.47535913,33.73779007,22.23337017,0
49.3,36.25425416,32.72309394,22.66640885,0
49.4,36.22928178,32.64132599,23.16762432,0
49.5,36.17624311,32.50828731,23.38961326,0
49.6,35.75801106,32.27138123,24.140221,0
49.7,35.42563537,32.5287293,24.21082875,0
49.8,35.10552488,32.25325969,25.2963536,0
49.9,34.91878454,32.42519339,25.52154696,0
50,34.90408841,32.5366851,26.40165746,0
50.1,34.79856355,32.13524864,26.71060774,0
50.2,34.8325967,31.99812155,27.29933702,0
50.3,34.68718233,31.27591161,27.41314918,0
50.4,34.51381216,31.00298343,27.23182322,0
50.5,34.33027625,31.01900553,27.18055249,0
50.6,34.10530388,30.82972377,27.20618786,0
50.7,33.54740333,30.84497239,27.25922653,0
50.8,33.42276244,30.79104973,27.92165747,0
50.9,33.1080663,30.90585636,28.18685084,0
51,33.04895028,30.69745857,28.46751383,0
51.1,32.83524863,30.61127073,27.90585638,0
51.2,32.7639779,30.20342543,27.98497239,0
51.3,32.53845304,29.59237571,26.90408842,0
51.4,32.60629836,29.26640884,26.85779007,0
51.5,32.45944753,29.25469614,26.69414367,0
51.6,31.88817681,29.13524863,26.63149174,0
51.7,31.46828731,29.05801106,26.38198897,0
51.8,31.32773482,29.00629835,26.59624311,0
51.9,31.15314918,28.93248619,26.93138122,0
52,30.96375692,29.22618785,26.86077349,0
52.1,30.73193371,29.18718232,26.5323757,0
52.2,30.63314918,28.67237569,26.24563538,0
52.3,30.62662984,28.13502762,25.48740334,0
52.4,30.55613261,27.46784531,25.13834257,0
52.5,30.41723757,27.71071824,25.03922653,0
52.6,30.12651935,27.49679559,25.18000001,0
52.7,29.69624311,27.36320443,25.14309394,0
52.8,29.41613261,27.49580112,25.03447516,0
52.9,29.21635361,27.48088399,25.22375692,0
53,28.94110499,27.3005525,24.9243094,0
53.1,28.84618785,27.08961327,25.16618786,0
53.2,28.64872929,26.93723758,24.67171271,0
53.3,28.55138123,26.32430942,24.04939227,0
53.4,28.4682873,25.94165747,23.77458565,0
53.5,28.01138123,25.45966852,23.49679559,0
53.6,27.81259671,25.02773482,22.83624311,0
53.7,27.50563537,24.87060774,21.79425415,0
53.8,26.91790058,24.42939227,21.29303869,0
53.9,26.68254146,24.37690608,20.9528177,0
54,26.25889504,24.0112707,20.14022101,0
54.1,25.89801107,23.75270719,19.38353593,0
54.2,25.75337018,23.46662985,18.87116023,0
54.3,25.37458564,22.40298343,17.79988951,0
54.4,25.08696134,21.24232046,17.36994476,0
54.5,24.80364642,20.97558012,16.26817679,0
54.6,24.25458563,20.76143648,15.56077348,0
54.7,23.36784531,20.69314918,15.09325968,0
54.8,22.75193371,20.77767957,14.51060774,0
54.9,22.4365746,20.60674034,14.03988951,0
55,22.39292818,20.57690609,13.69359115,0
55.1,22.43845305,20.57977901,13.51767956,0
55.2,22.34861879,20.47922653,13.36872928,0
55.3,22.25458564,19.95171272,13.19558012,0
55.4,22.31513813,19.48110498,12.93580111,0
55.5,22.18198896,19.45016575,12.9120442,0
55.6,22.29790056,19.31558012,12.60950277,0
55.7,22.11878454,19.37193372,12.75767956,0
55.8,21.76850829,19.12817681,12.84486188,0
55.9,21.61933703,19.18342542,13.09337016,0
56,21.46530388,19.38740333,13.11370167,0
56.1,21.4162431,19.39093923,13.21834253,0
56.2,21.23071823,19.55591162,13.33447514,0
56.3,21.29082874,18.90397791,13.5677348,0
56.4,21.19127073,18.24906078,13.52121547,0
56.5,21.22883979,18.34276244,13.35182321,0
56.6,21.11281768,18.30121548,13.70121547,0
56.7,20.80464089,18.32917128,13.67138122,0
56.8,20.51690608,18.38961327,13.75779006,0
56.9,20.38254144,18.24530388,14.19679559,0
57,20.32353592,18.30707183,14.28541437,0
57.1,20.30121548,18.29502764,14.80298344,0
57.2,20.23193371,18.44696133,14.86685084,0
57.3,20.25569062,17.57856354,15.04972376,0
57.4,20.18541437,17.51502763,14.77160222,0
57.5,20.04762432,17.34298344,14.7403315,0
57.6,20.100442,17.26464089,14.95049725,0
57.7,20.08110498,17.24806631,15.12983426,0
57.8,19.74950277,17.12552488,14.96651935,0
57.9,19.42751381,17.55878454,15.68696133,0
58,19.32353592,17.48662985,15.48674035,0
58.1,19.22640885,17.25878454,15.97524863,0
58.2,19.13679559,17.27149172,15.86795581,0
58.3,19.12751382,16.6439779,15.86552488,0
58.4,19.10674034,16.57745858,15.95193371,0
58.5,18.99524863,16.47458565,15.47845305,0
58.6,19.00154698,16.2563536,15.58773482,0
58.7,18.86066299,16.27403316,15.38121547,0
58.8,18.51613261,16.48895029,15.59535912,0
58.9,18.28165746,16.26751382,15.38552487,0
59,18.1363536,16.39779006,15.41104974,0
59.1,18.06994476,16.30629835,15.33436465,0
59.2,17.99458564,16.39745858,15.34662985,0
59.3,17.92541437,15.83513813,15.33127072,0
59.4,17.85314918,15.60287294,15.08441991,0
59.5,17.84751382,15.43613261,14.65292819,0
59.6,17.70364642,15.33779008,14.97149172,0
59.7,17.49812156,15.29116023,14.66486188,0
59.8,17.19745857,15.47348067,14.40220996,0
59.9,17.07502764,15.31093924,14.46331493,0
60,17.05060775,15.19723759,14.60718234,0
60.1,17.33977902,15.32640885,14.52983427,5.86265194
60.2,17.09381217,15.34088399,14.460663,5.899779017
60.3,17.11502764,14.96895029,14.41480664,5.526077347
60.4,16.90674034,14.6805525,13.83480664,5.569171268
60.5,16.87524863,14.47303869,13.74685085,5.866961329
60.6,16.82331492,14.51237571,13.57425416,5.787292822
60.7,16.76232045,14.4727072,13.62353593,5.927624311
60.8,16.56000001,14.35524863,13.66375692,6.012044203
60.9,16.3487293,14.33767957,13.55436466,6.17226519
61,16.02762432,14.36000002,13.59491714,6.842983426
61.1,15.91756907,14.520442,13.54309394,7.061767958
61.2,15.87790057,14.35116024,13.6601105,7.03127072
61.3,15.94154697,13.85878455,13.380442,7.318784532
61.4,15.74364643,13.61436465,12.94806631,7.445082884
61.5,15.64232046,13.47955803,12.54729283,7.617569071
61.6,15.49613261,13.48751382,12.59447514,7.880442012
61.7,15.50685084,13.50408841,12.73977901,8.28243095
61.8,15.21127072,13.39591161,12.63712709,8.489171286
61.9,15.02309394,13.32220995,12.73414366,8.894917146
62,14.91425415,13.35756907,12.51138122,9.405193393
62.1,14.77093924,13.29314918,12.68232045,9.880000008
62.2,14.77071824,13.45337018,12.4523757,10.08563537
62.3,14.62629835,13.07911603,12.5085083,9.823756926
62.4,14.54607736,12.81779007,12.12640884,10.15900554
62.5,14.46088399,12.46662985,11.960663,9.930939242
62.6,14.56629835,12.46718233,11.93734807,10.17513814
62.7,14.4527072,12.48077349,11.82331492,10.11624311
62.8,14.23966852,12.54375691,11.78320443,10.44784532
62.9,14.18209946,12.31425415,11.63878454,10.63082874
63,14.03823205,12.35093924,11.59138122,10.81381217
63.1,13.81325968,12.27458565,11.6479558,10.9565746
63.2,13.71182322,12.28729283,11.55535912,10.93790057
63.3,13.69071824,12.00287294,11.4840884,10.85447515
63.4,13.52508289,11.65524862,10.99325968,10.2605525
63.5,13.40243095,11.53270719,10.84662984,10.22939227
63.6,13.3803315,11.36475139,10.95723758,10.07591161
63.7,13.23944752,11.32364642,10.88596687,9.857569071
63.8,13.11337018,11.30629836,10.59447515,10.26397791
63.9,12.82872929,11.29812156,10.86265195,10.00651934
64,12.72596686,11.18972377,10.7322652,10.01138123
64.1,12.61226521,11.25182322,10.83403317,9.934143653
64.2,12.60895029,11.17469615,10.69657461,9.935138131
64.3,12.39193371,10.97005526,10.60088399,9.819337021
64.4,12.36618785,10.81138123,10.12972376,9.209944758
64.5,12.23292819,10.48165746,9.983867409,9.202762441
64.6,12.12088399,10.31270719,9.929060785,9.178011049
64.7,11.99911603,10.10198896,9.535690614,8.817016573
64.8,11.68154696,10.01790056,9.361878468,8.719889511
64.9,11.69546962,9.846629835,9.126740335,8.361657456
65,11.55071823,9.688066302,8.889613283,8.096574602
65.1,11.64110498,9.530497244,8.748397808,7.892817692
65.2,11.52751382,9.489392269,8.521215477,7.434475149
65.3,11.32994475,9.351381228,8.264751392,7.323646418
65.4,11.18198895,8.922099453,8.033812156,7.062430946
65.5,11.00983426,8.530828733,7.839005529,6.633038678
65.6,10.79469613,8.294143658,7.435138128,6.576795581
65.7,10.66563536,8.073922664,7.160883986,6.108397788
65.8,10.53779005,7.807292828,6.749502767,5.682872928
65.9,10.37292818,7.584088407,6.63093923,5.458453037
66,10.24850829,7.516464099,6.391049721,5.172928172
66.1,10.02298343,7.410386749,6.235469618,5.004751384
66.2,9.83138122,7.387734814,6.094917131,4.739889507
66.3,9.542762436,7.290386747,6.045635366,4.491160218
66.4,9.327071833,7.066740338,5.983646415,4.442872932
66.5,9.099558027,6.92895028,5.938563542,4.170055248
66.6,8.794254156,6.713922652,5.790828736,4.115248619
66.7,8.647513827,6.727403321,5.645303873,3.99425414
66.8,8.464972392,6.759447521,5.602320448,3.8040884
66.9,8.225635371,6.646298348,5.721878457,3.674254142
67,8.149944762,6.567292824,5.703977906,3.58121547
67.1,7.964088404,6.625414371,5.767955804,3.427292815
67.2,7.804751392,6.663977904,5.757900554,3.421436461
67.3,7.659668514,6.601878454,5.94209945,3.324309395
67.4,7.645303872,6.517679564,5.719668511,3.28165746
67.5,7.515359125,6.214033152,5.766850834,3.16441989
67.6,7.656243101,6.251160226,5.625082881,3.140000002
67.7,7.588729285,6.230165754,5.607292822,3.059337017
67.8,7.631712711,6.09546962,5.635027626,2.980110498
67.9,7.525856364,6.216022105,5.697569066,2.865082875
68,7.45270719,6.034696139,5.66375691,2.882651936
68.1,7.315027631,6.127734807,5.719005524,2.843535914
68.2,7.279337019,6.153149172,5.741546962,2.818342541
68.3,7.312044205,6.050939235,5.754585641,2.790607736
68.4,7.287513817,5.901657459,5.651049728,2.827955803
68.5,7.230718236,5.67911603,5.641546973,2.80276243
68.6,7.143867404,5.66320442,5.648839786,2.873149174
68.7,7.182762437,5.555801116,5.605524864,2.787403312
68.8,7.008618791,5.612154705,5.583425423,2.798342542
68.9,6.978674036,5.45922652,5.514806635,2.762099445
69,7.004088408,5.503646417,5.511712713,2.832486194
69.1,6.908397796,5.597237572,5.392265201,2.734585633
69.2,6.944751385,5.519005529,5.409834258,2.83955801
69.3,6.838342548,5.573149181,5.448839788,2.885303865
69.4,6.773591164,5.361215469,5.529834259,2.876353588
69.5,6.659779008,5.140220999,5.258342546,2.943204423
69.6,6.65955801,5.189060777,5.097790059,2.900994477
69.7,6.603977906,5.131933703,5.016353595,2.834254144
69.8,6.564198898,5.08784531,5.017127074,2.766408843
69.9,6.403646406,5.087955809,4.974033156,2.77082873
70,6.289834256,5.11513813,4.903535922,2.982430944
70.1,6.280773485,5.009392274,4.96906078,2.913149173
70.2,6.338342542,5.043425417,4.951491722,2.904530394
70.3,6.163977902,4.968066306,4.906298347,3.027292829
70.4,6.109834257,4.979226522,4.979779014,3.086187847
70.5,6.033149176,4.739447527,4.637679565,3.097569065
70.6,6.012154695,4.597569068,4.576022113,2.999116031
70.7,6.028618786,4.527071827,4.49049725,3.043756911
70.8,5.872375689,4.510276246,4.402209956,3.04861879
70.9,5.799779014,4.580331496,4.328950284,3.077127074
71,5.855801108,4.559226526,4.37701658,3.079116028
71.1,5.771381217,4.530165756,4.439558021,3.113370168
71.2,5.755248625,4.515801112,4.330055256,3.152486195
71.3,5.784640888,4.544088402,4.436353595,3.207071826
71.4,5.687071828,4.419889509,4.407845311,3.292375699
71.5,5.687513815,4.281325978,4.148950286,3.302099458
71.6,5.603425418,4.136353606,4.170055259,3.163646422
71.7,5.55944752,4.072265197,3.974364656,3.141546966
71.8,5.391712713,4.117790062,3.988729297,3.263425419
71.9,5.450607739,4.054033159,3.99204421,3.253701667
72,5.474917133,4.098563545,3.999226533,3.331933711
72.1,5.387403321,4.082762442,4.02685084,3.340662998
72.2,5.343867412,4.080331503,3.96154697,3.307624327
72.3,5.272707184,4.064198906,4.03779007,3.417016584
72.4,5.176574585,4.056574592,3.946519342,3.340883984
72.5,5.177016582,3.831381227,3.766740342,3.441436473
72.6,4.949281778,3.733480677,3.604972387,3.36651935
72.7,5.016132602,3.713149182,3.611933715,3.312817687
72.8,4.844530392,3.676132606,3.591602216,3.397458575
72.9,4.837569069,3.697458571,3.456243098,3.356022105
73,4.791823211,3.635027632,3.521657467,3.425856367
73.1,4.699337023,3.603977911,3.471270726,3.353922666
73.2,4.692154705,3.681988961,3.482099462,3.339889508
73.3,4.660662989,3.667292829,3.474364652,3.350828736
73.4,4.650718239,3.570165753,3.497016582,3.403314926
73.5,4.635359121,3.447624317,3.388839783,3.252154702
73.6,4.505193381,3.366519342,3.32629835,3.15580111
73.7,4.547734819,3.314143654,3.206629847,3.073812161
73.8,4.459668514,3.27071824,3.204640889,3.024088404
73.9,4.380221,3.192817685,3.103093933,2.95016575
74,4.326077355,3.201104982,3.098232052,3.041657466
74.1,4.382762441,3.180994485,3.068839784,3.039889508
74.2,4.241767967,3.216353601,3.119447521,2.961657466
74.3,4.215138133,3.170055257,3.07834255,2.917569067
74.4,4.236574594,3.143204431,3.102209953,3.079005538
74.5,4.135027639,3.032044208,3.000000009,2.869281771
74.6,4.136906082,2.902430949,2.852928188,2.815801115
74.7,4.091823216,2.978895034,2.793591168,2.772928181
74.8,4.062762439,2.846077355,2.769723761,2.695911607
74.9,4.107624316,2.857569068,2.730055253,2.66453039
75,3.923756907,2.804088404,2.756795587,2.655469619
75.1,3.943756918,2.779116026,2.725524866,2.633370169
75.2,3.824530392,2.793149176,2.698121552,2.580110504
75.3,3.85370166,2.812817685,2.710055251,2.684198901
75.4,3.787845314,2.777569067,2.708397796,2.660773485
75.5,3.809281777,2.688397796,2.541988959,2.550939234
75.6,3.7243094,2.557016582,2.494806633,2.440773482
75.7,3.710828738,2.562209951,2.473701665,2.340441996
75.8,3.600662989,2.498011054,2.39337017,2.305524866
75.9,3.618784538,2.47790056,2.33447514,2.266408848
76,3.615138131,2.459558015,2.408729285,2.253812156
76.1,3.464861886,2.460000005,2.309502771,2.336795583
76.2,3.458784533,2.430939232,2.294143651,2.259668517
76.3,3.429281775,2.425635363,2.299558016,2.306850832
76.4,3.451712718,2.414033156,2.27745857,2.278563542
76.5,3.402872937,2.307624311,2.258784536,2.254696139
76.6,3.29668509,2.273038678,2.213812159,2.116022104
76.7,3.294806638,2.185966858,2.156685089,2.083425418
76.8,3.170828737,2.145524869,2.06110498,1.97060774
76.9,3.18110498,2.126850835,2.089060778,1.996243096
77,3.151491717,2.079337022,2.066629843,1.970939234
77.1,3.079558014,2.089502769,1.99082874,1.928729288
77.2,3.030276252,2.087513815,1.984530392,1.929834259
77.3,2.920000006,2.094475143,2.039558017,1.955248622
77.4,2.871933703,2.064198902,1.998674039,1.970497241
77.5,2.83138122,2.006519345,1.953812157,1.887624313
77.6,2.941767962,1.922099455,1.863204421,1.802099449
77.7,2.837679565,1.86740332,1.7721547,1.764861884
77.8,2.814364648,1.849944756,1.747182327,1.681767959
77.9,2.796243099,1.811602216,1.760552488,1.631602214
78,2.692375696,1.792265197,1.703093924,1.658453044
78.1,2.723535913,1.765856358,1.707955804,1.631160228
78.2,2.664861882,1.763314921,1.722983428,1.655359119
78.3,2.615469614,1.748176797,1.660883982,1.626961335
78.4,2.604861883,1.761215475,1.647624313,1.594917132
78.5,2.615911604,1.734917129,1.692596688,1.603425424
78.6,2.541325968,1.629171273,1.57723757,1.537569064
78.7,2.538011055,1.55392266,1.530055254,1.503756909
78.8,2.498232047,1.550939235,1.473370176,1.479668516
78.9,2.522320448,1.524088405,1.508066306,1.401546969
79,2.412817683,1.496795589,1.417569066,1.417679567
79.1,2.403204426,1.483535918,1.422762437,1.365082881
79.2,2.463646415,1.458232053,1.398011054,1.388508296
79.3,2.394696137,1.460221004,1.395359126,1.389281777
79.4,2.338342544,1.467955811,1.4162431,1.33359117
79.5,2.294033153,1.442651942,1.389392271,1.348950282
79.6,2.243756907,1.371602215,1.39071824,1.330607739
79.7,2.159226523,1.291823212,1.288508293,1.221436469
79.8,2.142762434,1.275469621,1.233149177,1.155248627
79.9,2.081215468,1.271712715,1.196795589,1.110497248
80,2.132375693,1.243756915,1.17988951,1.0963536
80.1,2.168287295,1.224198903,1.16298343,1.163535919
80.2,2.129392268,1.187513817,1.146629841,1.118895031
80.3,2.048176799,1.18298343,1.134033155,1.126740339
80.4,2.102099453,1.172154701,1.136464093,1.065414372
80.5,1.955359123,1.198674039,1.145966854,1.099779012
80.6,1.95668509,1.114917132,1.127955805,1.060662988
80.7,1.849944758,1.081104976,1.063093926,1.021104974
80.8,1.850165754,1.033370168,1.013701655,0.970607736
80.9,1.848397794,1.015248622,1.009171272,0.963535917
81,1.7762431,1.00287293,0.987734809,0.930828732
81.1,1.867182324,0.955027628,0.947292822,0.897900556
81.2,1.825745859,0.955359118,0.952375692,0.885303872
81.3,1.791491715,0.960220998,0.926740335,0.887071827
81.4,1.761988959,0.942320444,0.91491713,0.848066302
81.5,1.727182328,0.943204423,0.92972376,0.89657459
81.6,1.666187849,0.912596687,0.905745858,0.881215472
81.7,1.623093929,0.860220995,0.866629836,0.827845307
81.8,1.636464091,0.825745857,0.822762432,0.791602211
81.9,1.587292821,0.818895028,0.817348067,0.761104973
82,1.585856355,0.788839782,0.793480665,0.733480665
82.1,1.530607738,0.756022101,0.766850831,0.737569064
82.2,1.601767964,0.757127075,0.723093925,0.731933704
82.3,1.486961329,0.739447516,0.726850831,0.696574587
82.4,1.536353597,0.738784535,0.724972377,0.697900556
82.5,1.499558015,0.731491714,0.730939229,0.69005525
82.6,1.593149173,0.711491716,0.723535913,0.710939229
82.7,1.457900557,0.668397791,0.690276244,0.657458566
82.8,1.520773485,0.640662983,0.652375689,0.588508286
82.9,1.463204422,0.613259667,0.621988949,0.586961327
83,1.398674033,0.614917126,0.605082873,0.565745857
83.1,1.426077351,0.590607736,0.594364642,0.554143649
83.2,1.348397789,0.558563538,0.579116024,0.525303869
83.3,1.32740332,0.567513814,0.580773483,0.548839781
83.4,1.295138126,0.550386742,0.549171273,0.529502763
83.5,1.184640887,0.552928179,0.54928177,0.531491715
83.6,1.191712708,0.538674035,0.545303869,0.53093923
83.7,1.160000007,0.504309394,0.547845306,0.512375692
83.8,1.069502763,0.485193371,0.510386741,0.472928178
83.9,1.101546964,0.462762432,0.47524862,0.449281768
84,0.982099448,0.437348067,0.44320442,0.429502763
84.1,0.967292819,0.443756906,0.441988951,0.420220995
84.2,0.959779008,0.438784531,0.41723757,0.407955802
84.3,0.850939227,0.402762431,0.40607735,0.419668509
84.4,0.871381216,0.40243094,0.408508288,0.390165749
84.5,0.836243094,0.394475139,0.408287294,0.381878456
84.6,0.759005523,0.400773481,0.400662984,0.398232045
84.7,0.743425413,0.398674034,0.394585636,0.38917127
84.8,0.77314917,0.360220995,0.373259669,0.384751382
84.9,0.728397791,0.341325968,0.345966852,0.338342541
85,0.689392266,0.313480664,0.330276244,0.328508287
85.1,1.00243094,0.308950278,0.313480664,0.309944751
85.2,0.927955801,0.29690608,0.305082875,0.298121548
85.3,0.881878453,0.291491716,0.287624314,0.283535914
85.4,0.909834256,0.28375691,0.287513816,0.287845308
85.5,0.91160221,0.27944752,0.275690614,0.275690613
85.6,0.916685082,0.275690614,0.275690614,0.27259669
85.7,0.849834257,0.25944752,0.275690614,0.265082879
85.8,0.863756904,0.263093929,0.266408846,0.265082879
85.9,0.870939224,0.253922658,0.233038678,0.244088404
86,0.751491713,0.218453043,0.218342545,0.213812158
86.1,0.712928177,0.205193374,0.204751384,0.196243097
86.2,0.78441989,0.209502766,0.200773483,0.204751384
86.3,0.656464089,0.193038677,0.184309394,0.196906081
86.4,0.63569061,0.19337017,0.188729285,0.177348069
86.5,0.676132597,0.180552489,0.180773485,0.185303871
86.6,0.587513814,0.181657463,0.169944756,0.176906081
86.7,0.609281769,0.176906081,0.176906081,0.174696138
86.8,0.537016575,0.174696138,0.169944756,0.169944756
86.9,0.556243095,0.171933706,0.164530392,0.164751386
87,0.529060776,0.140662988,0.145303872,0.140441993
87.1,0.46530387,0.122983429,0.122983429,0.131933705
87.2,0.445524863,0.118895031,0.118895031,0.123646412
87.3,0.475911604,0.123646412,0.115027628,0.115027628
87.4,0.413701661,0.101436465,0.115138124,0.119779009
87.5,0.422872931,0.105193372,0.112044201,0.108397792
87.6,0.534585637,0.101436465,0.105193372,0.096685085
87.7,0.604530385,0.101436465,0.100441991,0.101436466
87.8,0.551933702,0.096685084,0.096685084,0.096685085
87.9,0.56044199,0.096685084,0.101436465,0.101436466
88,0.531491715,0.083535912,0.0920442,0.087734809
88.1,0.502983427,0.070497238,0.083204421,0.079116024
88.2,0.453701658,0.058895028,0.066519338,0.074585637
88.3,0.486187848,0.062872928,0.058895028,0.062762433
88.4,0.533038674,0.055248619,0.055248619,0.058895029
88.5,0.499337017,0.051933702,0.055248619,0.051933702
88.6,0.443756906,0.048287293,0.048287293,0.05524862
88.7,0.422762434,0.048287293,0.048287293,0.048287293
88.8,0.492707183,0.048287293,0.048287293,0.048287293
88.9,0.373370168,0.048287293,0.048287293,0.048287293
89,0.38928177,0.044088398,0.048287293,0.048287293
89.1,0.392817681,0.036243094,0.04,0.044088398
89.2,0.344640885,0.017790056,0.032265193,0.024751381
89.3,0.357569063,0.017790056,0.017790056,0.021657459
89.4,0.30486188,0.017790056,0.017790056,0.017790056
89.5,0.295801107,0.017790056,0.017790056,0.017790056
89.6,0.247624309,0.017790056,0.017790056,0.017790056
89.7,0.2920442,0.017790056,0.017790056,0.017790056
89.8,0.247955801,0.017790056,0.017790056,0.017790056
89.9,0.186408839,0.017790056,0.017790056,0.017790056
90,0.208397793,0.017790056,0.017790056,0.017790056
90.1,0,0,0,0
90.2,0,0,0,0
90.3,0,0,0,0
90.4,0,0,0,0
90.5,0,0,0,0
90.6,0,0,0,0
90.7,0,0,0,0
90.8,0,0,0,0
90.9,0,0,0,0
91,0,0,0,0
91.1,0,0,0,0
91.2,0,0,0,0
91.3,0,0,0,0
91.4,0,0,0,0
91.5,0,0,0,0
91.6,0,0,0,0
91.7,0,0,0,0
91.8,0,0,0,0
91.9,0,0,0,0
92,0,0,0,0
92.1,0,0,0,0
92.2,0,0,0,0
92.3,0,0,0,0
92.4,0,0,0,0
92.5,0,0,0,0
92.6,0,0,0,0
92.7,0,0,0,0
92.8,0,0,0,0
92.9,0,0,0,0
93,0,0,0,0
93.1,0,0,0,0
93.2,0,0,0,0
93.3,0,0,0,0
93.4,0,0,0,0
93.5,0,0,0,0
93.6,0,0,0,0
93.7,0,0,0,0
93.8,0,0,0,0
93.9,0,0,0,0
94,0,0,0,0
94.1,0,0,0,0
94.2,0,0,0,0
94.3,0,0,0,0
94.4,0,0,0,0
94.5,0,0,0,0
94.6,0,0,0,0
94.7,0,0,0,0
94.8,0,0,0,0
94.9,0,0,0,0
95,0,0,0,0
95.1,0,0,0,0
95.2,0,0,0,0
95.3,0,0,0,0
95.4,0,0,0,0
95.5,0,0,0,0
95.6,0,0,0,0
95.7,0,0,0,0
95.8,0,0,0,0
95.9,0,0,0,0
96,0,0,0,0
96.1,0,0,0,0
96.2,0,0,0,0
96.3,0,0,0,0
96.4,0,0,0,0
96.5,0,0,0,0
96.6,0,0,0,0
96.7,0,0,0,0
96.8,0,0,0,0
96.9,0,0,0,0
97,0,0,0,0
97.1,0,0,0,0
97.2,0,0,0,0
97.3,0,0,0,0
97.4,0,0,0,0
97.5,0,0,0,0
97.6,0,0,0,0
97.7,0,0,0,0
97.8,0,0,0,0
97.9,0,0,0,0
98,0,0,0,0
98.1,0,0,0,0
98.2,0,0,0,0
98.3,0,0,0,0
98.4,0,0,0,0
98.5,0,0,0,0
98.6,0,0,0,0
98.7,0,0,0,0
98.8,0,0,0,0
98.9,0,0,0,0
99,0,0,0,0
99.1,0,0,0,0
99.2,0,0,0,0
99.3,0,0,0,0
99.4,0,0,0,0
99.5,0,0,0,0
99.6,0,0,0,0
99.7,0,0,0,0
99.8,0,0,0,0
99.9,0,0,0,0
100,0,0,0,0
100.1,0,0,0,0
100.2,0,0,0,0
100.3,0,0,0,0
100.4,0,0,0,0
100.5,0,0,0,0
100.6,0,0,0,0
100.7,0,0,0,0
100.8,0,0,0,0
100.9,0,0,0,0
101,0,0,0,0
101.1,0,0,0,0
101.2,0,0,0,0
101.3,0,0,0,0
101.4,0,0,0,0
101.5,0,0,0,0
101.6,0,0,0,0
101.7,0,0,0,0
101.8,0,0,0,0
101.9,0,0,0,0
102,0,0,0,0
102.1,0,0,0,0
102.2,0,0,0,0
102.3,0,0,0,0
102.4,0,0,0,0
102.5,0,0,0,0
102.6,0,0,0,0
102.7,0,0,0,0
102.8,0,0,0,0
102.9,0,0,0,0
103,0,0,0,0
103.1,0,0,0,0
103.2,0,0,0,0
103.3,0,0,0,0
103.4,0,0,0,0
103.5,0,0,0,0
103.6,0,0,0,0
103.7,0,0,0,0
103.8,0,0,0,0
103.9,0,0,0,0
104,0,0,0,0
104.1,0,0,0,0
104.2,0,0,0,0
104.3,0,0,0,0
104.4,0,0,0,0
104.5,0,0,0,0
104.6,0,0,0,0
104.7,0,0,0,0
104.8,0,0,0,0
104.9,0,0,0,0
105,0,0,0,0
105.1,0,0,0,0
105.2,0,0,0,0
105.3,0,0,0,0
105.4,0,0,0,0
105.5,0,0,0,0
105.6,0,0,0,0
105.7,0,0,0,0
105.8,0,0,0,0
105.9,0,0,0,0
106,0,0,0,0
106.1,0,0,0,0
106.2,0,0,0,0
106.3,0,0,0,0
106.4,0,0,0,0
106.5,0,0,0,0
106.6,0,0,0,0
106.7,0,0,0,0
106.8,0,0,0,0
106.9,0,0,0,0
107,0,0,0,0
107.1,0,0,0,0
107.2,0,0,0,0
107.3,0,0,0,0
107.4,0,0,0,0
107.5,0,0,0,0
107.6,0,0,0,0
107.7,0,0,0,0
107.8,0,0,0,0
107.9,0,0,0,0
108,0,0,0,0
108.1,0,0,0,0
108.2,0,0,0,0
108.3,0,0,0,0
108.4,0,0,0,0
108.5,0,0,0,0
108.6,0,0,0,0
108.7,0,0,0,0
108.8,0,0,0,0
108.9,0,0,0,0
109,0,0,0,0
109.1,0,0,0,0
109.2,0,0,0,0
109.3,0,0,0,0
109.4,0,0,0,0
109.5,0,0,0,0
109.6,0,0,0,0
109.7,0,0,0,0
109.8,0,0,0,0
109.9,0,0,0,0
110,0,0,0,0
110.1,0,0,0,0
110.2,0,0,0,0
110.3,0,0,0,0
110.4,0,0,0,0
110.5,0,0,0,0
110.6,0,0,0,0
110.7,0,0,0,0
110.8,0,0,0,0
110.9,0,0,0,0
111,0,0,0,0
111.1,0,0,0,0
111.2,0,0,0,0
111.3,0,0,0,0
111.4,0,0,0,0
111.5,0,0,0,0
111.6,0,0,0,0
111.7,0,0,0,0
111.8,0,0,0,0
111.9,0,0,0,0
112,0,0,0,0
112.1,0,0,0,0
112.2,0,0,0,0
112.3,0,0,0,0
112.4,0,0,0,0
112.5,0,0,0,0
112.6,0,0,0,0
112.7,0,0,0,0
112.8,0,0,0,0
112.9,0,0,0,0
113,0,0,0,0
113.1,0,0,0,0
113.2,0,0,0,0
113.3,0,0,0,0
113.4,0,0,0,0
113.5,0,0,0,0
113.6,0,0,0,0
113.7,0,0,0,0
113.8,0,0,0,0
113.9,0,0,0,0
114,0,0,0,0
114.1,0,0,0,0
114.2,0,0,0,0
114.3,0,0,0,0
114.4,0,0,0,0
114.5,0,0,0,0
114.6,0,0,0,0
114.7,0,0,0,0
114.8,0,0,0,0
114.9,0,0,0,0
115,0,0,0,0
115.1,0,0,0,0
115.2,0,0,0,0
115.3,0,0,0,0
115.4,0,0,0,0
115.5,0,0,0,0
115.6,0,0,0,0
115.7,0,0,0,0
115.8,0,0,0,0
115.9,0,0,0,0
116,0,0,0,0
116.1,0,0,0,0
116.2,0,0,0,0
116.3,0,0,0,0
116.4,0,0,0,0
116.5,0,0,0,0
116.6,0,0,0,0
116.7,0,0,0,0
116.8,0,0,0,0
116.9,0,0,0,0
117,0,0,0,0
117.1,0,0,0,0
117.2,0,0,0,0
117.3,0,0,0,0
117.4,0,0,0,0
117.5,0,0,0,0
117.6,0,0,0,0
117.7,0,0,0,0
117.8,0,0,0,0
117.9,0,0,0,0
118,0,0,0,0
118.1,0,0,0,0
118.2,0,0,0,0
118.3,0,0,0,0
118.4,0,0,0,0
118.5,0,0,0,0
118.6,0,0,0,0
118.7,0,0,0,0
118.8,0,0,0,0
118.9,0,0,0,0
119,0,0,0,0
119.1,0,0,0,0
119.2,0,0,0,0
119.3,0,0,0,0
119.4,0,0,0,0
119.5,0,0,0,0
119.6,0,0,0,0
119.7,0,0,0,0
119.8,0,0,0,0
119.9,0,0,0,0
120,0,0,0,0
120.1,0,0,0,0
120.2,0,0,0,0
120.3,0,0,0,0
120.4,0,0,0,0
120.5,0,0,0,0
120.6,0,0,0,0
120.7,0,0,0,0
120.8,0,0,0,0
120.9,0,0,0,0
121,0,0,0,0
121.1,0,0,0,0
121.2,0,0,0,0
121.3,0,0,0,0
121.4,0,0,0,0
121.5,0,0,0,0
121.6,0,0,0,0
121.7,0,0,0,0
121.8,0,0,0,0
121.9,0,0,0,0
122,0,0,0,0
122.1,0,0,0,0
122.2,0,0,0,0
122.3,0,0,0,0
122.4,0,0,0,0
122.5,0,0,0,0
122.6,0,0,0,0
122.7,0,0,0,0
122.8,0,0,0,0
122.9,0,0,0,0
123,0,0,0,0
123.1,0,0,0,0
123.2,0,0,0,0
123.3,0,0,0,0
123.4,0,0,0,0
123.5,0,0,0,0
123.6,0,0,0,0
123.7,0,0,0,0
123.8,0,0,0,0
123.9,0,0,0,0
124,0,0,0,0
124.1,0,0,0,0
124.2,0,0,0,0
124.3,0,0,0,0
124.4,0,0,0,0
124.5,0,0,0,0
124.6,0,0,0,0
124.7,0,0,0,0
124.8,0,0,0,0
124.9,0,0,0,0
125,0,0,0,0
125.1,0,0,0,0
125.2,0,0,0,0
125.3,0,0,0,0
125.4,0,0,0,0
125.5,0,0,0,0
125.6,0,0,0,0
125.7,0,0,0,0
125.8,0,0,0,0
125.9,0,0,0,0
126,0,0,0,0
126.1,0,0,0,0
126.2,0,0,0,0
126.3,0,0,0,0
126.4,0,0,0,0
126.5,0,0,0,0
126.6,0,0,0,0
126.7,0,0,0,0
126.8,0,0,0,0
126.9,0,0,0,0
127,0,0,0,0
127.1,0,0,0,0
127.2,0,0,0,0
127.3,0,0,0,0
127.4,0,0,0,0
127.5,0,0,0,0
127.6,0,0,0,0
127.7,0,0,0,0
127.8,0,0,0,0
127.9,0,0,0,0
128,0,0,0,0
128.1,0,0,0,0
128.2,0,0,0,0
128.3,0,0,0,0
128.4,0,0,0,0
128.5,0,0,0,0
128.6,0,0,0,0
128.7,0,0,0,0
128.8,0,0,0,0
128.9,0,0,0,0
129,0,0,0,0
129.1,0,0,0,0
129.2,0,0,0,0
129.3,0,0,0,0
129.4,0,0,0,0
129.5,0,0,0,0
129.6,0,0,0,0
129.7,0,0,0,0
129.8,0,0,0,0
129.9,0,0,0,0
130,0,0,0,0
130.1,0,0,0,0
130.2,0,0,0,0
130.3,0,0,0,0
130.4,0,0,0,0
130.5,0,0,0,0
130.6,0,0,0,0
130.7,0,0,0,0
130.8,0,0,0,0
130.9,0,0,0,0
131,0,0,0,0
131.1,0,0,0,0
131.2,0,0,0,0
131.3,0,0,0,0
131.4,0,0,0,0
131.5,0,0,0,0
131.6,0,0,0,0
131.7,0,0,0,0
131.8,0,0,0,0
131.9,0,0,0,0
132,0,0,0,0
132.1,0,0,0,0
132.2,0,0,0,0
132.3,0,0,0,0
132.4,0,0,0,0
132.5,0,0,0,0
132.6,0,0,0,0
132.7,0,0,0,0
132.8,0,0,0,0
132.9,0,0,0,0
133,0,0,0,0
133.1,0,0,0,0
133.2,0,0,0,0
133.3,0,0,0,0
133.4,0,0,0,0
133.5,0,0,0,0
133.6,0,0,0,0
133.7,0,0,0,0
133.8,0,0,0,0
133.9,0,0,0,0
134,0,0,0,0
134.1,0,0,0,0
134.2,0,0,0,0
134.3,0,0,0,0
134.4,0,0,0,0
134.5,0,0,0,0
134.6,0,0,0,0
134.7,0,0,0,0
134.8,0,0,0,0
134.9,0,0,0,0
135,0,0,0,0
135.1,0,0,0,0
135.2,0,0,0,0
135.3,0,0,0,0
135.4,0,0,0,0
135.5,0,0,0,0
135.6,0,0,0,0
135.7,0,0,0,0
135.8,0,0,0,0
135.9,0,0,0,0
136,0,0,0,0
136.1,0,0,0,0
136.2,0,0,0,0
136.3,0,0,0,0
136.4,0,0,0,0
136.5,0,0,0,0
136.6,0,0,0,0
136.7,0,0,0,0
136.8,0,0,0,0
136.9,0,0,0,0
137,0,0,0,0
137.1,0,0,0,0
137.2,0,0,0,0
137.3,0,0,0,0
137.4,0,0,0,0
137.5,0,0,0,0
137.6,0,0,0,0
137.7,0,0,0,0
137.8,0,0,0,0
137.9,0,0,0,0
138,0,0,0,0
138.1,0,0,0,0
138.2,0,0,0,0
138.3,0,0,0,0
138.4,0,0,0,0
138.5,0,0,0,0
138.6,0,0,0,0
138.7,0,0,0,0
138.8,0,0,0,0
138.9,0,0,0,0
139,0,0,0,0
139.1,0,0,0,0
139.2,0,0,0,0
139.3,0,0,0,0
139.4,0,0,0,0
139.5,0,0,0,0
139.6,0,0,0,0
139.7,0,0,0,0
139.8,0,0,0,0
139.9,0,0,0,0
140,0,0,0,0
140.1,0,0,0,0
140.2,0,0,0,0
140.3,0,0,0,0
140.4,0,0,0,0
140.5,0,0,0,0
140.6,0,0,0,0
140.7,0,0,0,0
140.8,0,0,0,0
140.9,0,0,0,0
141,0,0,0,0
141.1,0,0,0,0
141.2,0,0,0,0
141.3,0,0,0,0
141.4,0,0,0,0
141.5,0,0,0,0
141.6,0,0,0,0
141.7,0,0,0,0
141.8,0,0,0,0
141.9,0,0,0,0
142,0,0,0,0
142.1,0,0,0,0
142.2,0,0,0,0
142.3,0,0,0,0
142.4,0,0,0,0
142.5,0,0,0,0
142.6,0,0,0,0
142.7,0,0,0,0
142.8,0,0,0,0
142.9,0,0,0,0
143,0,0,0,0
143.1,0,0,0,0
143.2,0,0,0,0
143.3,0,0,0,0
143.4,0,0,0,0
143.5,0,0,0,0
143.6,0,0,0,0
143.7,0,0,0,0
143.8,0,0,0,0
143.9,0,0,0,0
144,0,0,0,0
144.1,0,0,0,0
144.2,0,0,0,0
144.3,0,0,0,0
144.4,0,0,0,0
144.5,0,0,0,0
144.6,0,0,0,0
144.7,0,0,0,0
144.8,0,0,0,0
144.9,0,0,0,0
145,0,0,0,0
145.1,0,0,0,0
145.2,0,0,0,0
145.3,0,0,0,0
145.4,0,0,0,0
145.5,0,0,0,0
145.6,0,0,0,0
145.7,0,0,0,0
145.8,0,0,0,0
145.9,0,0,0,0
146,0,0,0,0
146.1,0,0,0,0
146.2,0,0,0,0
146.3,0,0,0,0
146.4,0,0,0,0
146.5,0,0,0,0
146.6,0,0,0,0
146.7,0,0,0,0
146.8,0,0,0,0
146.9,0,0,0,0
147,0,0,0,0
147.1,0,0,0,0
147.2,0,0,0,0
147.3,0,0,0,0
147.4,0,0,0,0
147.5,0,0,0,0
147.6,0,0,0,0
147.7,0,0,0,0
147.8,0,0,0,0
147.9,0,0,0,0
148,0,0,0,0
148.1,0,0,0,0
148.2,0,0,0,0
148.3,0,0,0,0
148.4,0,0,0,0
148.5,0,0,0,0
148.6,0,0,0,0
148.7,0,0,0,0
148.8,0,0,0,0
148.9,0,0,0,0
149,0,0,0,0
149.1,0,0,0,0
149.2,0,0,0,0
149.3,0,0,0,0
149.4,0,0,0,0
149.5,0,0,0,0
149.6,0,0,0,0
149.7,0,0,0,0
149.8,0,0,0,0
149.9,0,0,0,0
150,0,0,0,0
150.1,0,0,0,0
150.2,0,0,0,0
150.3,0,0,0,0
150.4,0,0,0,0
150.5,0,0,0,0
150.6,0,0,0,0
150.7,0,0,0,0
150.8,0,0,0,0
150.9,0,0,0,0
151,0,0,0,0
151.1,0,0,0,0
151.2,0,0,0,0
151.3,0,0,0,0
151.4,0,0,0,0
151.5,0,0,0,0
151.6,0,0,0,0
151.7,0,0,0,0
151.8,0,0,0,0
151.9,0,0,0,0
152,0,0,0,0
152.1,0,0,0,0
152.2,0,0,0,0
152.3,0,0,0,0
152.4,0,0,0,0
152.5,0,0,0,0
152.6,0,0,0,0
152.7,0,0,0,0
152.8,0,0,0,0
152.9,0,0,0,0
153,0,0,0,0
153.1,0,0,0,0
153.2,0,0,0,0
153.3,0,0,0,0
153.4,0,0,0,0
153.5,0,0,0,0
153.6,0,0,0,0
153.7,0,0,0,0
153.8,0,0,0,0
153.9,0,0,0,0
154,0,0,0,0
154.1,0,0,0,0
154.2,0,0,0,0
154.3,0,0,0,0
154.4,0,0,0,0
154.5,0,0,0,0
154.6,0,0,0,0
154.7,0,0,0,0
154.8,0,0,0,0
154.9,0,0,0,0
155,0,0,0,0
155.1,0,0,0,0
155.2,0,0,0,0
155.3,0,0,0,0
155.4,0,0,0,0
155.5,0,0,0,0
155.6,0,0,0,0
155.7,0,0,0,0
155.8,0,0,0,0
155.9,0,0,0,0
156,0,0,0,0
156.1,0,0,0,0
156.2,0,0,0,0
156.3,0,0,0,0
156.4,0,0,0,0
156.5,0,0,0,0
156.6,0,0,0,0
156.7,0,0,0,0
156.8,0,0,0,0
156.9,0,0,0,0
157,0,0,0,0
157.1,0,0,0,0
157.2,0,0,0,0
157.3,0,0,0,0
157.4,0,0,0,0
157.5,0,0,0,0
157.6,0,0,0,0
157.7,0,0,0,0
157.8,0,0,0,0
157.9,0,0,0,0
158,0,0,0,0
158.1,0,0,0,0
158.2,0,0,0,0
158.3,0,0,0,0
158.4,0,0,0,0
158.5,0,0,0,0
158.6,0,0,0,0
158.7,0,0,0,0
158.8,0,0,0,0
158.9,0,0,0,0
159,0,0,0,0
159.1,0,0,0,0
159.2,0,0,0,0
159.3,0,0,0,0
159.4,0,0,0,0
159.5,0,0,0,0
159.6,0,0,0,0
159.7,0,0,0,0
159.8,0,0,0,0
159.9,0,0,0,0
160,0,0,0,0
160.1,0,0,0,0
160.2,0,0,0,0
160.3,0,0,0,0
160.4,0,0,0,0
160.5,0,0,0,0
160.6,0,0,0,0
160.7,0,0,0,0
160.8,0,0,0,0
160.9,0,0,0,0
161,0,0,0,0
161.1,0,0,0,0
161.2,0,0,0,0
161.3,0,0,0,0
161.4,0,0,0,0
161.5,0,0,0,0
161.6,0,0,0,0
161.7,0,0,0,0
161.8,0,0,0,0
161.9,0,0,0,0
162,0,0,0,0
162.1,0,0,0,0
162.2,0,0,0,0
162.3,0,0,0,0
162.4,0,0,0,0
162.5,0,0,0,0
162.6,0,0,0,0
162.7,0,0,0,0
162.8,0,0,0,0
162.9,0,0,0,0
163,0,0,0,0
163.1,0,0,0,0
163.2,0,0,0,0
163.3,0,0,0,0
163.4,0,0,0,0
163.5,0,0,0,0
163.6,0,0,0,0
163.7,0,0,0,0
163.8,0,0,0,0
163.9,0,0,0,0
164,0,0,0,0
164.1,0,0,0,0
164.2,0,0,0,0
164.3,0,0,0,0
164.4,0,0,0,0
164.5,0,0,0,0
164.6,0,0,0,0
164.7,0,0,0,0
164.8,0,0,0,0
164.9,0,0,0,0
165,0,0,0,0
165.1,0,0,0,0
165.2,0,0,0,0
165.3,0,0,0,0
165.4,0,0,0,0
165.5,0,0,0,0
165.6,0,0,0,0
165.7,0,0,0,0
165.8,0,0,0,0
165.9,0,0,0,0
166,0,0,0,0
166.1,0,0,0,0
166.2,0,0,0,0
166.3,0,0,0,0
166.4,0,0,0,0
166.5,0,0,0,0
166.6,0,0,0,0
166.7,0,0,0,0
166.8,0,0,0,0
166.9,0,0,0,0
167,0,0,0,0
167.1,0,0,0,0
167.2,0,0,0,0
167.3,0,0,0,0
167.4,0,0,0,0
167.5,0,0,0,0
167.6,0,0,0,0
167.7,0,0,0,0
167.8,0,0,0,0
167.9,0,0,0,0
168,0,0,0,0
168.1,0,0,0,0
168.2,0,0,0,0
168.3,0,0,0,0
168.4,0,0,0,0
168.5,0,0,0,0
168.6,0,0,0,0
168.7,0,0,0,0
168.8,0,0,0,0
168.9,0,0,0,0
169,0,0,0,0
169.1,0,0,0,0
169.2,0,0,0,0
169.3,0,0,0,0
169.4,0,0,0,0
169.5,0,0,0,0
169.6,0,0,0,0
169.7,0,0,0,0
169.8,0,0,0,0
169.9,0,0,0,0
170,0,0,0,0
170.1,0,0,0,0
170.2,0,0,0,0
170.3,0,0,0,0
170.4,0,0,0,0
170.5,0,0,0,0
170.6,0,0,0,0
170.7,0,0,0,0
170.8,0,0,0,0
170.9,0,0,0,0
171,0,0,0,0
171.1,0,0,0,0
171.2,0,0,0,0
171.3,0,0,0,0
171.4,0,0,0,0
171.5,0,0,0,0
171.6,0,0,0,0
171.7,0,0,0,0
171.8,0,0,0,0
171.9,0,0,0,0
172,0,0,0,0
172.1,0,0,0,0
172.2,0,0,0,0
172.3,0,0,0,0
172.4,0,0,0,0
172.5,0,0,0,0
172.6,0,0,0,0
172.7,0,0,0,0
172.8,0,0,0,0
172.9,0,0,0,0
173,0,0,0,0
173.1,0,0,0,0
173.2,0,0,0,0
173.3,0,0,0,0
173.4,0,0,0,0
173.5,0,0,0,0
173.6,0,0,0,0
173.7,0,0,0,0
173.8,0,0,0,0
173.9,0,0,0,0
174,0,0,0,0
174.1,0,0,0,0
174.2,0,0,0,0
174.3,0,0,0,0
174.4,0,0,0,0
174.5,0,0,0,0
174.6,0,0,0,0
174.7,0,0,0,0
174.8,0,0,0,0
174.9,0,0,0,0
175,0,0,0,0
175.1,0,0,0,0
175.2,0,0,0,0
175.3,0,0,0,0
175.4,0,0,0,0
175.5,0,0,0,0
175.6,0,0,0,0
175.7,0,0,0,0
175.8,0,0,0,0
175.9,0,0,0,0
176,0,0,0,0
176.1,0,0,0,0
176.2,0,0,0,0
176.3,0,0,0,0
176.4,0,0,0,0
176.5,0,0,0,0
176.6,0,0,0,0
176.7,0,0,0,0
176.8,0,0,0,0
176.9,0,0,0,0
177,0,0,0,0
177.1,0,0,0,0
177.2,0,0,0,0
177.3,0,0,0,0
177.4,0,0,0,0
177.5,0,0,0,0
177.6,0,0,0,0
177.7,0,0,0,0
177.8,0,0,0,0
177.9,0,0,0,0
178,0,0,0,0
178.1,0,0,0,0
178.2,0,0,0,0
178.3,0,0,0,0
178.4,0,0,0,0
178.5,0,0,0,0
178.6,0,0,0,0
178.7,0,0,0,0
178.8,0,0,0,0
178.9,0,0,0,0
179,0,0,0,0
179.1,0,0,0,0
179.2,0,0,0,0
179.3,0,0,0,0
179.4,0,0,0,0
179.5,0,0,0,0
179.6,0,0,0,0
179.7,0,0,0,0
179.8,0,0,0,0
179.9,0,0,0,0
180,0,0,0,0
